"","ID","Description","GeneRatio","BgRatio","pvalue","p.adjust","qvalue","geneID","Count","name"
"GO:0008202","GO:0008202","steroid metabolic process","11/71","323/18614",3.67196406252091e-08,4.3035418812745e-05,3.95799073686464e-05,"2222/622/9563/2330/23600/6718/11001/7108/10202/866/79644",11,"Upres_DEq_MS_X1H_vs_X3H"
"GO:0006694","GO:0006694","steroid biosynthetic process","7/71","175/18614",4.61361629837083e-06,0.00270357915084531,0.00248649636291144,"2222/9563/23600/6718/11001/7108/79644",7,"Upres_DEq_MS_X1H_vs_X3H"
"GO:1901617","GO:1901617","organic hydroxy compound biosynthetic process","7/71","242/18614",3.77212351722549e-05,0.010868813965116,0.00999610696989294,"2222/9563/23600/6718/11001/7108/79644",7,"Upres_DEq_MS_X1H_vs_X3H"
"GO:0016054","GO:0016054","organic acid catabolic process","7/71","250/18614",4.63686602607338e-05,0.010868813965116,0.00999610696989294,"125061/23600/6718/11001/80150/197257/283927",7,"Upres_DEq_MS_X1H_vs_X3H"
"GO:0046395","GO:0046395","carboxylic acid catabolic process","7/71","250/18614",4.63686602607338e-05,0.010868813965116,0.00999610696989294,"125061/23600/6718/11001/80150/197257/283927",7,"Upres_DEq_MS_X1H_vs_X3H"
"GO:0044282","GO:0044282","small molecule catabolic process","8/71","388/18614",0.000112147920965067,0.0219062272285097,0.020147275626005,"125061/23600/6718/11001/80150/197257/283927/79644",8,"Upres_DEq_MS_X1H_vs_X3H"
"GO:0072329","GO:0072329","monocarboxylic acid catabolic process","5/71","131/18614",0.000143519279209055,0.0240292278904304,0.0220998108135448,"23600/6718/11001/197257/283927",5,"Upres_DEq_MS_X1H_vs_X3H"
"GO:0016042","GO:0016042","lipid catabolic process","7/71","330/18614",0.000259808512196146,0.0380619470367354,0.0350057784853755,"23600/6718/11001/57552/5051/283927/79644",7,"Upres_DEq_MS_X1H_vs_X3H"
"GO:0006699","GO:0006699","bile acid biosynthetic process","3/71","36/18614",0.000346909792239323,0.0451753640560541,0.0415480265793061,"23600/6718/11001",3,"Upres_DEq_MS_X1H_vs_X3H"
