"","ID","Description","GeneRatio","BgRatio","pvalue","p.adjust","qvalue","geneID","Count","name"
"GO:0005777","GO:0005777","peroxisome","7/85","143/19518",2.99618222193391e-06,0.00022621175775601,0.000209732755535374,"23600/570/189/65084/3156/5827/255027",7,"Upres_DEq_MS_X3_vs_X3H"
"GO:0042579","GO:0042579","microbody","7/85","143/19518",2.99618222193391e-06,0.00022621175775601,0.000209732755535374,"23600/570/189/65084/3156/5827/255027",7,"Upres_DEq_MS_X3_vs_X3H"
"GO:0005778","GO:0005778","peroxisomal membrane","4/85","65/19518",0.000185242188046727,0.00699289259876394,0.00648347658163544,"65084/3156/5827/255027",4,"Upres_DEq_MS_X3_vs_X3H"
"GO:0031903","GO:0031903","microbody membrane","4/85","65/19518",0.000185242188046727,0.00699289259876394,0.00648347658163544,"65084/3156/5827/255027",4,"Upres_DEq_MS_X3_vs_X3H"
"GO:0005782","GO:0005782","peroxisomal matrix","3/85","51/19518",0.00142754851284715,0.03592663757332,0.0333094652997669,"23600/570/189",3,"Upres_DEq_MS_X3_vs_X3H"
"GO:0031907","GO:0031907","microbody lumen","3/85","51/19518",0.00142754851284715,0.03592663757332,0.0333094652997669,"23600/570/189",3,"Upres_DEq_MS_X3_vs_X3H"
