"","ID","Description","GeneRatio","BgRatio","pvalue","p.adjust","qvalue","geneID","Count","name"
"R-HSA-8957322","R-HSA-8957322","Metabolism of steroids","7/53","154/10955",8.48307775604732e-06,0.00124879551206993,0.00110554636426164,"FDFT1/AMACR/AKR1D1/SLC27A2/TM7SF2/SERPINA6/SRD5A3",7,"Upres_DEq_MS_X1H_vs_X3H"
"R-HSA-9609507","R-HSA-9609507","Protein localization","7/53","164/10955",1.28081590981531e-05,0.00124879551206993,0.00110554636426164,"AMACR/SLC27A2/LDHD/PEX6/CMC4/COA4/NUDT7",7,"Upres_DEq_MS_X1H_vs_X3H"
"R-HSA-193775","R-HSA-193775","Synthesis of bile acids and bile salts via 24-hydroxycholesterol","3/53","14/10955",3.74852099917262e-05,0.0024365386494622,0.00215704366268179,"AMACR/AKR1D1/SLC27A2",3,"Upres_DEq_MS_X1H_vs_X3H"
"R-HSA-193368","R-HSA-193368","Synthesis of bile acids and bile salts via 7alpha-hydroxycholesterol","3/53","24/10955",0.000201423298550223,0.00918319583850072,0.00812979280709376,"AMACR/AKR1D1/SLC27A2",3,"Upres_DEq_MS_X1H_vs_X3H"
"R-HSA-9033241","R-HSA-9033241","Peroxisomal protein import","4/53","63/10955",0.000235466559961557,0.00918319583850072,0.00812979280709376,"AMACR/SLC27A2/PEX6/NUDT7",4,"Upres_DEq_MS_X1H_vs_X3H"
"R-HSA-390918","R-HSA-390918","Peroxisomal lipid metabolism","3/53","29/10955",0.000357476126020496,0.0116179740956661,0.0102852780118178,"AMACR/SLC27A2/NUDT7",3,"Upres_DEq_MS_X1H_vs_X3H"
"R-HSA-192105","R-HSA-192105","Synthesis of bile acids and bile salts","3/53","34/10955",0.000575513404559232,0.0160321591270072,0.0141931125334908,"AMACR/AKR1D1/SLC27A2",3,"Upres_DEq_MS_X1H_vs_X3H"
"R-HSA-194068","R-HSA-194068","Bile acid and bile salt metabolism","3/53","45/10955",0.00131448485382479,0.0320405683119792,0.0283651994772718,"AMACR/AKR1D1/SLC27A2",3,"Upres_DEq_MS_X1H_vs_X3H"
