"","ID","Description","GeneRatio","BgRatio","pvalue","p.adjust","qvalue","geneID","Count","name"
"hsa03008","hsa03008","Ribosome biogenesis in eukaryotes","19/177","167/8779",8.47226331840171e-10,1.33474574095729e-07,1.31718329699732e-07,"26354/23560/84916/23195/55127/29889/10813/28987/55813/83732/84135/10436/92856/23160/4931/102157402/51096/84128/54552",19,"Upres_DEq_MS_X1_vs_X3"
"hsa03030","hsa03030","DNA replication","10/177","36/8779",1.39036014683051e-09,1.33474574095729e-07,1.31718329699732e-07,"4174/4172/4171/5982/5111/4175/4176/4173/5558/5424",10,"Upres_DEq_MS_X1_vs_X3"
"hsa04216","hsa04216","Ferroptosis","7/177","41/8779",1.51576046535994e-05,0.000970086697830362,0.000957322399174699,"2512/2495/6520/84557/3162/23516/5621",7,"Upres_DEq_MS_X1_vs_X3"
"hsa04110","hsa04110","Cell cycle","12/177","157/8779",7.46079826646231e-05,0.00358118316790191,0.0035340623367453,"4174/7040/4172/4171/5111/4175/4176/4173/5347/4085/891/991",12,"Upres_DEq_MS_X1_vs_X3"
"hsa03082","hsa03082","ATP-dependent chromatin remodeling","10/177","117/8779",0.00011922863790172,0.00457837969542604,0.00451813785732833,"8467/5928/54108/6944/9031/9643/57634/10933/53615/3014",10,"Upres_DEq_MS_X1_vs_X3"
