"","ID","Description","GeneRatio","BgRatio","pvalue","p.adjust","qvalue","geneID","Count","name"
"hsa03030","hsa03030","DNA replication","8/50","36/8840",1.56488936173433e-11,1.48664489364761e-09,1.4001641657623e-09,"4174/4171/4175/4172/4173/4176/5111/5983",8,"Downres_DEq_MS_X1H_vs_X5H"
"hsa04110","hsa04110","Cell cycle","9/50","158/8840",1.98417034187054e-07,9.42480912388504e-06,8.87655152942082e-06,"4174/4171/4175/4172/4173/4176/7040/5111/4085",9,"Downres_DEq_MS_X1H_vs_X5H"
