"","ID","Description","GeneRatio","BgRatio","pvalue","p.adjust","qvalue","geneID","Count","name"
"hsa03030","hsa03030","DNA replication","4/21","36/8840",1.319765073073e-06,5.27906029229199e-05,5.27906029229199e-05,"4174/4171/4175/4172",4,"Downres_DEq_MS_X3H_vs_X5H"
"hsa04110","hsa04110","Cell cycle","4/21","158/8840",0.000463788247995471,0.00927576495990942,0.00927576495990942,"4174/4171/4175/4172",4,"Downres_DEq_MS_X3H_vs_X5H"
