"","ID","Description","GeneRatio","BgRatio","pvalue","p.adjust","qvalue","geneID","Count","name"
"GO:0005777","GO:0005777","peroxisome","5/74","143/19518",0.00021123012578906,0.0133367183549378,0.0116817970992156,"54996/23600/11001/5190/283927",5,"Upres_DEq_MS_X1H_vs_X3H"
"GO:0042579","GO:0042579","microbody","5/74","143/19518",0.00021123012578906,0.0133367183549378,0.0116817970992156,"54996/23600/11001/5190/283927",5,"Upres_DEq_MS_X1H_vs_X3H"
"GO:0005758","GO:0005758","mitochondrial intermembrane space","4/74","84/19518",0.000292044927480391,0.0133367183549378,0.0116817970992156,"10628/824/100272147/51287",4,"Upres_DEq_MS_X1H_vs_X3H"
"GO:0031970","GO:0031970","organelle envelope lumen","4/74","94/19518",0.000448578376858702,0.0153638094074105,0.0134573513057611,"10628/824/100272147/51287",4,"Upres_DEq_MS_X1H_vs_X3H"
"GO:0005788","GO:0005788","endoplasmic reticulum lumen","6/74","312/19518",0.00118358715308125,0.0324302879944264,0.0284060916739501,"7018/9563/11001/410/1000/1356",6,"Upres_DEq_MS_X1H_vs_X3H"
